"DateTime","Polygon 1"
"2014-01-01",0
"2014-01-02",0.0028
"2014-01-03",0
"2014-01-04",0
"2014-01-05",0
"2014-01-06",0
"2014-01-07",0
"2014-01-08",0
"2014-01-09",0.0001
"2014-01-10",0.0525
"2014-01-11",0
"2014-01-12",0.008
"2014-01-13",0.0002
"2014-01-14",0
"2014-01-15",0.0634
"2014-01-16",0
"2014-01-17",0.002
"2014-01-18",0
"2014-01-19",0
"2014-01-20",0
"2014-01-21",0.0094
"2014-01-22",0
"2014-01-23",0
"2014-01-24",0.0055
"2014-01-25",0.0048
"2014-01-26",0
"2014-01-27",0.1063
"2014-01-28",0.0271
"2014-01-29",0.1504
"2014-01-30",0.0362
"2014-01-31",0.0111
"2014-02-01",0.1495
"2014-02-02",0.0011
"2014-02-03",0.0096
"2014-02-04",0.0008
"2014-02-05",0.0148
"2014-02-06",0.0712
"2014-02-07",0.0008
"2014-02-08",0.0036
"2014-02-09",0.0449
"2014-02-10",0.0566
"2014-02-11",0.283
"2014-02-12",0.0447
"2014-02-13",0.011
"2014-02-14",0.0069
"2014-02-15",0.0014
"2014-02-16",0.006
"2014-02-17",0.0183
"2014-02-18",0.0006
"2014-02-19",0.0134
"2014-02-20",0.0107
"2014-02-21",0.0719
"2014-02-22",0.0005
"2014-02-23",0.007
"2014-02-24",0.2283
"2014-02-25",0.6206
"2014-02-26",0.1819
"2014-02-27",0.1625
"2014-02-28",0.0156
"2014-03-01",0.0505
"2014-03-02",0.1501
"2014-03-03",1.0987
"2014-03-04",0.7609
"2014-03-05",0.7428
"2014-03-06",0.1504
"2014-03-07",0.6037
"2014-03-08",0.3902
"2014-03-09",0.477
"2014-03-10",1.6113
"2014-03-11",1.3629
"2014-03-12",0.5109
"2014-03-13",1.4197
"2014-03-14",0.2417
"2014-03-15",0.0677
"2014-03-16",0.3248
"2014-03-17",0.8645
"2014-03-18",0.0396
"2014-03-19",0.0094
"2014-03-20",0.0243
"2014-03-21",0.0438
"2014-03-22",0.1504
"2014-03-23",0.01
"2014-03-24",0.3206
"2014-03-25",0.3199
"2014-03-26",0.095
"2014-03-27",0.0526
"2014-03-28",0.4692
"2014-03-29",1.3397
"2014-03-30",0.1956
"2014-03-31",0.8453
"2014-04-01",1.2574
"2014-04-02",4.3461
"2014-04-03",4.3431
"2014-04-04",3.346
"2014-04-05",0.0496
"2014-04-06",1.6672
"2014-04-07",1.2034
"2014-04-08",1.7613
"2014-04-09",2.4234
"2014-04-10",1.2311
"2014-04-11",0.091
"2014-04-12",3.5562
"2014-04-13",1.3648
"2014-04-14",5.1053
"2014-04-15",0.6521
"2014-04-16",3.662
"2014-04-17",2.6633
"2014-04-18",1.3995
"2014-04-19",4.1229
"2014-04-20",2.0096
"2014-04-21",2.6725
"2014-04-22",1.3938
"2014-04-23",1.2413
"2014-04-24",1.4915
"2014-04-25",3.2894
"2014-04-26",0.2821
"2014-04-27",5.5931
"2014-04-28",4.6386
"2014-04-29",0.4352
"2014-04-30",4.4223
"2014-05-01",3.9015
"2014-05-02",4.6909
"2014-05-03",2.1667
"2014-05-04",4.1209
"2014-05-05",7.8048
"2014-05-06",2.8723
"2014-05-07",9.8064
"2014-05-08",6.2607
"2014-05-09",3.5642
"2014-05-10",2.9407
"2014-05-11",8.6707
"2014-05-12",9.6926
"2014-05-13",1.2962
"2014-05-14",0.5163
"2014-05-15",4.0428
"2014-05-16",2.5695
"2014-05-17",0.9957
"2014-05-18",3.9814
"2014-05-19",0.2892
"2014-05-20",3.5475
"2014-05-21",0.5691
"2014-05-22",8.2274
"2014-05-23",5.8545
"2014-05-24",3.9703
"2014-05-25",5.7704
"2014-05-26",1.7432
"2014-05-27",6.5939
"2014-05-28",0.5584
"2014-05-29",2.7948
"2014-05-30",3.2968
"2014-05-31",4.136
"2014-06-01",10.0179
"2014-06-02",1.1667
"2014-06-03",7.3745
"2014-06-04",7.1139
"2014-06-05",1.8043
"2014-06-06",1.5409
"2014-06-07",1.5177
"2014-06-08",9.0841
"2014-06-09",5.8332
"2014-06-10",1.5377
"2014-06-11",0.9958
"2014-06-12",5.8218
"2014-06-13",8.1928
"2014-06-14",4.1011
"2014-06-15",3.3701
"2014-06-16",5.2689
"2014-06-17",0.9075
"2014-06-18",0.8274
"2014-06-19",11.0737
"2014-06-20",7.0178
"2014-06-21",1.3958
"2014-06-22",4.8726
"2014-06-23",3.6936
"2014-06-24",1.2747
"2014-06-25",1.9223
"2014-06-26",4.1763
"2014-06-27",2.7727
"2014-06-28",0.5551
"2014-06-29",6.3779
"2014-06-30",5.9169
"2014-07-01",2.1464
"2014-07-02",0.5983
"2014-07-03",1.8298
"2014-07-04",13.6823
"2014-07-05",4.8129
"2014-07-06",7.8698
"2014-07-07",8.094
"2014-07-08",2.6935
"2014-07-09",4.4211
"2014-07-10",14.325
"2014-07-11",4.1467
"2014-07-12",0.0582
"2014-07-13",3.5824
"2014-07-14",10.553
"2014-07-15",1.1592
"2014-07-16",3.0196
"2014-07-17",2.0859
"2014-07-18",1.4112
"2014-07-19",14.8061
"2014-07-20",11.7048
"2014-07-21",3.5716
"2014-07-22",4.7717
"2014-07-23",5.6937
"2014-07-24",2.1933
"2014-07-25",5.2072
"2014-07-26",3.4806
"2014-07-27",5.8306
"2014-07-28",1.2673
"2014-07-29",5.058
"2014-07-30",15.104
"2014-07-31",7.069
"2014-08-01",1.7966
"2014-08-02",2.4538
"2014-08-03",6.2551
"2014-08-04",3.2195
"2014-08-05",10.7875
"2014-08-06",4.4729
"2014-08-07",1.0925
"2014-08-08",8.5634
"2014-08-09",4.6681
"2014-08-10",5.3642
"2014-08-11",5.0056
"2014-08-12",2.8702
"2014-08-13",9.5514
"2014-08-14",4.9748
"2014-08-15",9.0355
"2014-08-16",2.6726
"2014-08-17",3.8481
"2014-08-18",3.1601
"2014-08-19",9.4269
"2014-08-20",3.164
"2014-08-21",4.0418
"2014-08-22",10.8115
"2014-08-23",4.7432
"2014-08-24",1.2023
"2014-08-25",13.3519
"2014-08-26",4.355
"2014-08-27",2.1442
"2014-08-28",10.8985
"2014-08-29",13.2037
"2014-08-30",6.1278
"2014-08-31",4.7339
"2014-09-01",2.2614
"2014-09-02",7.7678
"2014-09-03",4.2163
"2014-09-04",1.2971
"2014-09-05",9.3773
"2014-09-06",6.2192
"2014-09-07",3.5146
"2014-09-08",2.4864
"2014-09-09",5.3037
"2014-09-10",3.3256
"2014-09-11",0.541
"2014-09-12",7.3162
"2014-09-13",4.4743
"2014-09-14",0.666
"2014-09-15",3.9985
"2014-09-16",6.7261
"2014-09-17",2.1227
"2014-09-18",3.3879
"2014-09-19",9.3558
"2014-09-20",2.3873
"2014-09-21",6.629
"2014-09-22",4.4221
"2014-09-23",9.247
"2014-09-24",2.1769
"2014-09-25",2.0666
"2014-09-26",8.1987
"2014-09-27",4.9391
"2014-09-28",2.101
"2014-09-29",8.0535
"2014-09-30",6.7218
"2014-10-01",4.7581
"2014-10-02",2.765
"2014-10-03",0.4353
"2014-10-04",4.5152
"2014-10-05",5.0275
"2014-10-06",0.4263
"2014-10-07",2.077
"2014-10-08",6.0464
"2014-10-09",2.0028
"2014-10-10",0.8355
"2014-10-11",1.3295
"2014-10-12",4.6297
"2014-10-13",4.1457
"2014-10-14",4.5036
"2014-10-15",8.4872
"2014-10-16",2.3026
"2014-10-17",2.7075
"2014-10-18",0.7997
"2014-10-19",5.0001
"2014-10-20",6.3729
"2014-10-21",4.8541
"2014-10-22",0.6773
"2014-10-23",1.1747
"2014-10-24",1.2448
"2014-10-25",2.378
"2014-10-26",3.2701
"2014-10-27",2.1929
"2014-10-28",3.0013
"2014-10-29",0.4533
"2014-10-30",1.829
"2014-10-31",0.4054
"2014-11-01",1.0427
"2014-11-02",0.3307
"2014-11-03",0.0909
"2014-11-04",0.1848
"2014-11-05",0.6702
"2014-11-06",0.4702
"2014-11-07",0.6114
"2014-11-08",0.4774
"2014-11-09",0.1266
"2014-11-10",0
"2014-11-11",0.0611
"2014-11-12",0.4353
"2014-11-13",0.0513
"2014-11-14",2.1443
"2014-11-15",0.9127
"2014-11-16",0.2616
"2014-11-17",0.3458
"2014-11-18",0.065
"2014-11-19",0.1595
"2014-11-20",0.849
"2014-11-21",1.3009
"2014-11-22",0.4059
"2014-11-23",2.4943
"2014-11-24",0.0208
"2014-11-25",0.1842
"2014-11-26",0.6179
"2014-11-27",0.0131
"2014-11-28",0.4094
"2014-11-29",0.0595
"2014-11-30",0.3662
"2014-12-01",0.2
"2014-12-02",0.1153
"2014-12-03",0.08
"2014-12-04",0
"2014-12-05",0
"2014-12-06",0
"2014-12-07",0.0334
"2014-12-08",0.0088
"2014-12-09",0.3135
"2014-12-10",0.0004
"2014-12-11",0.095
"2014-12-12",0.0002
"2014-12-13",0.0288
"2014-12-14",0
"2014-12-15",0
"2014-12-16",0
"2014-12-17",0.0303
"2014-12-18",0.0029
"2014-12-19",0
"2014-12-20",0
"2014-12-21",0
"2014-12-22",0.0012
"2014-12-23",0
"2014-12-24",0
"2014-12-25",0.0674
"2014-12-26",0.2553
"2014-12-27",0.0022
"2014-12-28",0
"2014-12-29",0
"2014-12-30",0
"2014-12-31",0.0054
"2015-01-01",0.0764
"2015-01-02",0
"2015-01-03",0.0149
"2015-01-04",0.0679
"2015-01-05",0
"2015-01-06",0.0004
"2015-01-07",0.0265
"2015-01-08",0.0038
"2015-01-09",0
"2015-01-10",0.0006
"2015-01-11",0.0001
"2015-01-12",0.0035
"2015-01-13",0.0036
"2015-01-14",0.0042
"2015-01-15",0.0335
"2015-01-16",0.0561
"2015-01-17",0
"2015-01-18",0
"2015-01-19",0
"2015-01-20",0.0003
"2015-01-21",0.0008
"2015-01-22",0.0004
"2015-01-23",0.0007
"2015-01-24",0.042
"2015-01-25",0.1043
"2015-01-26",0.1303
"2015-01-27",0.003
"2015-01-28",0.0183
"2015-01-29",0
"2015-01-30",0
"2015-01-31",0.0027
"2015-02-01",0.0066
"2015-02-02",0
"2015-02-03",0.1369
"2015-02-04",0.0238
"2015-02-05",0.004
"2015-02-06",0.0143
"2015-02-07",0.0189
"2015-02-08",0.1042
"2015-02-09",0.01
"2015-02-10",0.3728
"2015-02-11",0.0088
"2015-02-12",0.0595
"2015-02-13",0
"2015-02-14",0
"2015-02-15",0.0034
"2015-02-16",0.0143
"2015-02-17",0
"2015-02-18",0.1066
"2015-02-19",0.0441
"2015-02-20",0.0105
"2015-02-21",0.1932
"2015-02-22",0.0019
"2015-02-23",0
"2015-02-24",0.0102
"2015-02-25",0.0879
"2015-02-26",0.0813
"2015-02-27",0.051
"2015-02-28",0.2475
"2015-03-01",0.0444
"2015-03-02",0.4145
"2015-03-03",0.8283
"2015-03-04",0.1653
"2015-03-05",0.2527
"2015-03-06",0.4334
"2015-03-07",0.002
"2015-03-08",0.0269
"2015-03-09",0
"2015-03-10",0.006
"2015-03-11",0.1846
"2015-03-12",0.6637
"2015-03-13",0.6469
"2015-03-14",0.0188
"2015-03-15",0.0008
"2015-03-16",0
"2015-03-17",0.0017
"2015-03-18",0.0568
"2015-03-19",0.1852
"2015-03-20",0.0685
"2015-03-21",0.0015
"2015-03-22",0.0089
"2015-03-23",0.0203
"2015-03-24",0.0928
"2015-03-25",0.0189
"2015-03-26",0.0264
"2015-03-27",0.0212
"2015-03-28",1.3888
"2015-03-29",2.037
"2015-03-30",5.0446
"2015-03-31",4.3935
"2015-04-01",0.1966
"2015-04-02",0.0968
"2015-04-03",0.9594
"2015-04-04",0.9309
"2015-04-05",0.6574
"2015-04-06",3.374
"2015-04-07",0.291
"2015-04-08",0.0679
"2015-04-09",0.5285
"2015-04-10",2.0589
"2015-04-11",3.1741
"2015-04-12",0.0784
"2015-04-13",0.1224
"2015-04-14",0.0988
"2015-04-15",0.531
"2015-04-16",1.1591
"2015-04-17",0.9942
"2015-04-18",0.0449
"2015-04-19",0.2226
"2015-04-20",0.2795
"2015-04-21",0.6865
"2015-04-22",1.1618
"2015-04-23",0.1316
"2015-04-24",0.9871
"2015-04-25",0.5083
"2015-04-26",3.5944
"2015-04-27",0.1921
"2015-04-28",0.1473
"2015-04-29",0.5533
"2015-04-30",1.9067
"2015-05-01",2.3441
"2015-05-02",7.2055
"2015-05-03",6.335
"2015-05-04",0.1034
"2015-05-05",6.6502
"2015-05-06",2.8929
"2015-05-07",3.6156
"2015-05-08",10.5537
"2015-05-09",1.8694
"2015-05-10",1.0245
"2015-05-11",1.1541
"2015-05-12",9.706
"2015-05-13",1.5115
"2015-05-14",1.135
"2015-05-15",2.825
"2015-05-16",2.1988
"2015-05-17",0.6948
"2015-05-18",1.0892
"2015-05-19",0.8658
"2015-05-20",2.6198
"2015-05-21",1.1709
"2015-05-22",2.0676
"2015-05-23",3.9689
"2015-05-24",2.9624
"2015-05-25",0.3507
"2015-05-26",0.5655
"2015-05-27",7.4119
"2015-05-28",0.5829
"2015-05-29",3.0657
"2015-05-30",6.4267
"2015-05-31",4.9685
"2015-06-01",6.5138
"2015-06-02",1.2828
"2015-06-03",3.2461
"2015-06-04",1.1142
"2015-06-05",12.7696
"2015-06-06",5.8522
"2015-06-07",3.2949
"2015-06-08",0.8513
"2015-06-09",4.5752
"2015-06-10",4.1409
"2015-06-11",3.919
"2015-06-12",1.9611
"2015-06-13",8.8882
"2015-06-14",2.0838
"2015-06-15",2.449
"2015-06-16",5.4495
"2015-06-17",14.597
"2015-06-18",5.093
"2015-06-19",1.5386
"2015-06-20",4.9613
"2015-06-21",10.5875
"2015-06-22",1.3314
"2015-06-23",4.5734
"2015-06-24",2.3088
"2015-06-25",1.2997
"2015-06-26",2.6203
"2015-06-27",8.4051
"2015-06-28",5.6428
"2015-06-29",5.6376
"2015-06-30",6.419
"2015-07-01",8.0745
"2015-07-02",2.2184
"2015-07-03",3.9264
"2015-07-04",8.0761
"2015-07-05",3.1149
"2015-07-06",0.0009
"2015-07-07",0.0161
"2015-07-08",2.1133
"2015-07-09",1.0576
"2015-07-10",5.0572
"2015-07-11",2.576
"2015-07-12",3.7214
"2015-07-13",9.8707
"2015-07-14",3.4164
"2015-07-15",9.1458
"2015-07-16",4.8058
"2015-07-17",1.5291
"2015-07-18",15.8066
"2015-07-19",7.2285
"2015-07-20",3.7589
"2015-07-21",8.4646
"2015-07-22",1.6479
"2015-07-23",11.6909
"2015-07-24",3.2281
"2015-07-25",2.2179
"2015-07-26",7.4994
"2015-07-27",8.9335
"2015-07-28",2.4359
"2015-07-29",10.5017
"2015-07-30",4.2364
"2015-07-31",3.1661
"2015-08-01",2.1678
"2015-08-02",2.8584
"2015-08-03",6.354
"2015-08-04",9.7446
"2015-08-05",9.802
"2015-08-06",6.6341
"2015-08-07",7.7682
"2015-08-08",5.1992
"2015-08-09",2.7025
"2015-08-10",1.6228
"2015-08-11",7.7003
"2015-08-12",10.6811
"2015-08-13",3.2589
"2015-08-14",1.2096
"2015-08-15",1.5005
"2015-08-16",4.6543
"2015-08-17",11.4552
"2015-08-18",1.008
"2015-08-19",0.4735
"2015-08-20",11.5988
"2015-08-21",2.6754
"2015-08-22",13.7393
"2015-08-23",0.3629
"2015-08-24",6.9902
"2015-08-25",8.3057
"2015-08-26",5.6219
"2015-08-27",3.563
"2015-08-28",6.3149
"2015-08-29",2.6455
"2015-08-30",5.0858
"2015-08-31",10.9359
"2015-09-01",5.9707
"2015-09-02",2.7509
"2015-09-03",12.6163
"2015-09-04",0.9101
"2015-09-05",3.9659
"2015-09-06",0.853
"2015-09-07",4.1341
"2015-09-08",11.6902
"2015-09-09",0.2778
"2015-09-10",2.9028
"2015-09-11",4.0291
"2015-09-12",1.9363
"2015-09-13",7.5395
"2015-09-14",3.0206
"2015-09-15",1.7041
"2015-09-16",7.5393
"2015-09-17",10.4384
"2015-09-18",2.2003
"2015-09-19",0.8939
"2015-09-20",5.4563
"2015-09-21",12.933
"2015-09-22",2.1901
"2015-09-23",0.2692
"2015-09-24",1.6954
"2015-09-25",12.2558
"2015-09-26",2.1403
"2015-09-27",3.9355
"2015-09-28",0.4078
"2015-09-29",3.3113
"2015-09-30",4.0699
"2015-10-01",8.2718
"2015-10-02",1.1025
"2015-10-03",0.6475
"2015-10-04",3.6022
"2015-10-05",1.6155
"2015-10-06",3.4662
"2015-10-07",2.4833
"2015-10-08",1.4268
"2015-10-09",2.206
"2015-10-10",1.8965
"2015-10-11",8.1002
"2015-10-12",1.2763
"2015-10-13",1.6932
"2015-10-14",4.0046
"2015-10-15",3.9787
"2015-10-16",4.1328
"2015-10-17",2.0532
"2015-10-18",6.853
"2015-10-19",1.0075
"2015-10-20",1.7332
"2015-10-21",4.7754
"2015-10-22",3.1631
"2015-10-23",6.4477
"2015-10-24",5.3146
"2015-10-25",6.1372
"2015-10-26",2.9109
"2015-10-27",4.5489
"2015-10-28",9.1558
"2015-10-29",7.8691
"2015-10-30",0.8505
"2015-10-31",0.4341
"2015-11-01",1.0668
"2015-11-02",0.1224
"2015-11-03",0.6035
"2015-11-04",4.0636
"2015-11-05",1.0029
"2015-11-06",0.6606
"2015-11-07",1.0348
"2015-11-08",0.0863
"2015-11-09",0.5014
"2015-11-10",0.1902
"2015-11-11",0.4249
"2015-11-12",0.0394
"2015-11-13",0.6508
"2015-11-14",0.9623
"2015-11-15",0.0018
"2015-11-16",1.9286
"2015-11-17",0.9489
"2015-11-18",0.573
"2015-11-19",0.2691
"2015-11-20",0.5136
"2015-11-21",0.1534
"2015-11-22",0.1345
"2015-11-23",0.0073
"2015-11-24",0.0084
"2015-11-25",0.0065
"2015-11-26",0.1069
"2015-11-27",0.1704
"2015-11-28",0
"2015-11-29",0.4841
"2015-11-30",0.1489
"2015-12-01",1.6573
"2015-12-02",0.2132
"2015-12-03",0.0128
"2015-12-04",0.0127
"2015-12-05",0.1018
"2015-12-06",0.1843
"2015-12-07",0.3472
"2015-12-08",0.1973
"2015-12-09",0.0433
"2015-12-10",0.0544
"2015-12-11",0.0891
"2015-12-12",0.0015
"2015-12-13",0
"2015-12-14",0
"2015-12-15",0
"2015-12-16",0
"2015-12-17",0.0202
"2015-12-18",0.0465
"2015-12-19",0.0537
"2015-12-20",0
"2015-12-21",0.0064
"2015-12-22",0
"2015-12-23",0
"2015-12-24",0
"2015-12-25",0
"2015-12-26",0.0014
"2015-12-27",0.0645
"2015-12-28",0
"2015-12-29",0
"2015-12-30",0
"2015-12-31",0
"2016-01-01",0.0083
"2016-01-02",0.0005
"2016-01-03",0
"2016-01-04",0
"2016-01-05",0.0794
"2016-01-06",0.0068
"2016-01-07",0
"2016-01-08",0.0005
"2016-01-09",0.0025
"2016-01-10",0.019
"2016-01-11",0.0185
"2016-01-12",0.0022
"2016-01-13",0.0019
"2016-01-14",0
"2016-01-15",0.0003
"2016-01-16",0.0021
"2016-01-17",0.0181
"2016-01-18",0.0087
"2016-01-19",0.0018
"2016-01-20",0
"2016-01-21",0
"2016-01-22",0
"2016-01-23",0
"2016-01-24",0.0001
"2016-01-25",0.0049
"2016-01-26",0.1044
"2016-01-27",0
"2016-01-28",0.0002
"2016-01-29",0.0002
"2016-01-30",0.0043
"2016-01-31",0.0886
"2016-02-01",0
"2016-02-02",0.0024
"2016-02-03",0.0054
"2016-02-04",0.0016
"2016-02-05",0
"2016-02-06",0.0003
"2016-02-07",0.02
"2016-02-08",0.0304
"2016-02-09",0.0188
"2016-02-10",0.0812
"2016-02-11",0.0091
"2016-02-12",0.2002
"2016-02-13",0.0045
"2016-02-14",0
"2016-02-15",0.0249
"2016-02-16",0
"2016-02-17",0.0006
"2016-02-18",0
"2016-02-19",0.2642
"2016-02-20",0
"2016-02-21",0
"2016-02-22",0
"2016-02-23",0
"2016-02-24",0.0277
"2016-02-25",0.3169
"2016-02-26",0.0007
"2016-02-27",0.0003
"2016-02-28",0.1609
"2016-02-29",0.0095
"2016-03-01",0.0604
"2016-03-02",1.306
"2016-03-03",0.1056
"2016-03-04",0.2614
"2016-03-05",0.508
"2016-03-06",0.4276
"2016-03-07",0.0231
"2016-03-08",0.0435
"2016-03-09",0.1532
"2016-03-10",0.0767
"2016-03-11",0.7621
"2016-03-12",1.0901
"2016-03-13",0.7543
"2016-03-14",0.5945
"2016-03-15",0.0342
"2016-03-16",0.0968
"2016-03-17",0.287
"2016-03-18",0.3912
"2016-03-19",0.0131
"2016-03-20",0
"2016-03-21",0.0501
"2016-03-22",0.0065
"2016-03-23",0
"2016-03-24",0
"2016-03-25",0.0174
"2016-03-26",0.5583
"2016-03-27",0.1797
"2016-03-28",0.7959
"2016-03-29",6.6498
"2016-03-30",1.4133
"2016-03-31",0.4795
"2016-04-01",0.7062
"2016-04-02",0.3886
"2016-04-03",0.2649
"2016-04-04",0.445
"2016-04-05",0.0969
"2016-04-06",1.8598
"2016-04-07",0.9071
"2016-04-08",0.3383
"2016-04-09",0.0899
"2016-04-10",0.758
"2016-04-11",1.2767
"2016-04-12",1.1952
"2016-04-13",7.6114
"2016-04-14",1.2337
"2016-04-15",1.2754
"2016-04-16",0.0705
"2016-04-17",0.3757
"2016-04-18",1.2348
"2016-04-19",0.9182
"2016-04-20",2.6115
"2016-04-21",0.6391
"2016-04-22",3.1823
"2016-04-23",0.1692
"2016-04-24",1.0697
"2016-04-25",2.0316
"2016-04-26",2.7119
"2016-04-27",5.9538
"2016-04-28",1.0363
"2016-04-29",0.566
"2016-04-30",3.9671
"2016-05-01",1.3791
"2016-05-02",0.3508
"2016-05-03",1.5836
"2016-05-04",7.4203
"2016-05-05",8.8694
"2016-05-06",5.1719
"2016-05-07",2.1793
"2016-05-08",7.3452
"2016-05-09",8.022
"2016-05-10",7.1252
"2016-05-11",1.5748
"2016-05-12",0.9154
"2016-05-13",4.5049
"2016-05-14",0.8459
"2016-05-15",10.0271
"2016-05-16",0.3076
"2016-05-17",11.0931
"2016-05-18",1.582
"2016-05-19",5.652
"2016-05-20",10.9537
"2016-05-21",5.3513
"2016-05-22",0.1627
"2016-05-23",2.5148
"2016-05-24",2.0606
"2016-05-25",3.8695
"2016-05-26",0.4615
"2016-05-27",1.3783
"2016-05-28",7.1883
"2016-05-29",2.1524
"2016-05-30",1.9109
"2016-05-31",0.6926
"2016-06-01",0.2627
"2016-06-02",0.4765
"2016-06-03",5.6525
"2016-06-04",1.3558
"2016-06-05",14.7496
"2016-06-06",1.5483
"2016-06-07",8.4733
"2016-06-08",1.2603
"2016-06-09",7.4534
"2016-06-10",1.5495
"2016-06-11",1.987
"2016-06-12",3.8111
"2016-06-13",13.5858
"2016-06-14",12.7404
"2016-06-15",2.6994
"2016-06-16",3.3875
"2016-06-17",5.3645
"2016-06-18",5.0892
"2016-06-19",4.0301
"2016-06-20",8.7457
"2016-06-21",4.0437
"2016-06-22",3.9211
"2016-06-23",0.9856
"2016-06-24",6.1672
"2016-06-25",4.2196
"2016-06-26",6.5288
"2016-06-27",4.8444
"2016-06-28",2.0546
"2016-06-29",1.4828
"2016-06-30",2.8354
"2016-07-01",6.3491
"2016-07-02",2.827
"2016-07-03",2.6634
"2016-07-04",8.7207
"2016-07-05",7.0651
"2016-07-06",6.0044
"2016-07-07",5.5436
"2016-07-08",4.9474
"2016-07-09",3.2121
"2016-07-10",9.7673
"2016-07-11",7.1576
"2016-07-12",9.1414
"2016-07-13",6.2788
"2016-07-14",2.1224
"2016-07-15",3.1077
"2016-07-16",5.6389
"2016-07-17",4.8572
"2016-07-18",6.3864
"2016-07-19",15.1998
"2016-07-20",4.1392
"2016-07-21",1.0172
"2016-07-22",6.8958
"2016-07-23",9.6788
"2016-07-24",11.7371
"2016-07-25",0.9385
"2016-07-26",5.5409
"2016-07-27",14.4161
"2016-07-28",5.1044
"2016-07-29",1.0695
"2016-07-30",6.833
"2016-07-31",10.2734
"2016-08-01",5.508
"2016-08-02",1.1347
"2016-08-03",4.7587
"2016-08-04",13.1939
"2016-08-05",5.5215
"2016-08-06",3.7637
"2016-08-07",3.1245
"2016-08-08",11.2243
"2016-08-09",4.0629
"2016-08-10",6.3489
"2016-08-11",1.3957
"2016-08-12",1.4566
"2016-08-13",7.4827
"2016-08-14",2.0913
"2016-08-15",3.3314
"2016-08-16",10.1605
"2016-08-17",2.2362
"2016-08-18",1.4447
"2016-08-19",5.9051
"2016-08-20",7.81
"2016-08-21",2.112
"2016-08-22",0.8353
"2016-08-23",9.8329
"2016-08-24",10.5352
"2016-08-25",1.8317
"2016-08-26",3.4782
"2016-08-27",5.3976
"2016-08-28",0.5235
"2016-08-29",5.4159
"2016-08-30",1.4555
"2016-08-31",2.7107
"2016-09-01",3.2723
"2016-09-02",2.6057
"2016-09-03",4.2353
"2016-09-04",0.5728
"2016-09-05",1.8735
"2016-09-06",5.7647
"2016-09-07",8.2949
"2016-09-08",1.3021
"2016-09-09",4.7941
"2016-09-10",4.2172
"2016-09-11",1.3354
"2016-09-12",0.7648
"2016-09-13",3.7238
"2016-09-14",7.3863
"2016-09-15",2.4133
"2016-09-16",10.8445
"2016-09-17",0.8915
"2016-09-18",0.6664
"2016-09-19",4.6331
"2016-09-20",5.8687
"2016-09-21",1.0713
"2016-09-22",1.0596
"2016-09-23",10.3081
"2016-09-24",1.7837
"2016-09-25",1.2266
"2016-09-26",12.8481
"2016-09-27",3.2645
"2016-09-28",0.5478
"2016-09-29",3.9129
"2016-09-30",1.3955
"2016-10-01",1.0769
"2016-10-02",5.5321
"2016-10-03",3.2435
"2016-10-04",0.9957
"2016-10-05",6.1267
"2016-10-06",2.8733
"2016-10-07",0.8871
"2016-10-08",1.4539
"2016-10-09",3.3742
"2016-10-10",5.6315
"2016-10-11",1.4455
"2016-10-12",1.8346
"2016-10-13",1.1887
"2016-10-14",3.7134
"2016-10-15",0.464
"2016-10-16",2.1666
"2016-10-17",6.0945
"2016-10-18",4.5086
"2016-10-19",1.1578
"2016-10-20",2.3818
"2016-10-21",1.7856
"2016-10-22",0.2004
"2016-10-23",2.5625
"2016-10-24",0.9191
"2016-10-25",0.6042
"2016-10-26",5.8467
"2016-10-27",4.8215
"2016-10-28",0.296
"2016-10-29",0.8643
"2016-10-30",0.7892
"2016-10-31",0.1446
"2016-11-01",0.3588
"2016-11-02",0.2476
"2016-11-03",0.219
"2016-11-04",0.6593
"2016-11-05",0.0938
"2016-11-06",0.1632
"2016-11-07",0.0558
"2016-11-08",0.0377
"2016-11-09",0.0391
"2016-11-10",0.0079
"2016-11-11",0.012
"2016-11-12",0.3588
"2016-11-13",0.0209
"2016-11-14",0.2699
"2016-11-15",0.1756
"2016-11-16",0.2667
"2016-11-17",0.5672
"2016-11-18",0.7331
"2016-11-19",0.2261
"2016-11-20",0.0078
"2016-11-21",0.4998
"2016-11-22",0.7194
"2016-11-23",2.5528
"2016-11-24",0.2911
"2016-11-25",0.0199
"2016-11-26",0.0427
"2016-11-27",0.0074
"2016-11-28",0.0647
"2016-11-29",0.0225
"2016-11-30",0.1893
"2016-12-01",0.1729
"2016-12-02",0.2368
"2016-12-03",0.0523
"2016-12-04",0.0003
"2016-12-05",0
"2016-12-06",0
"2016-12-07",0
"2016-12-08",0
"2016-12-09",0
"2016-12-10",0.2185
"2016-12-11",0
"2016-12-12",0.024
"2016-12-13",0.1601
"2016-12-14",0.0115
"2016-12-15",0.017
"2016-12-16",0.0384
"2016-12-17",0
"2016-12-18",0
"2016-12-19",0
"2016-12-20",0
"2016-12-21",0.0003
"2016-12-22",0.0231
"2016-12-23",0
"2016-12-24",0
"2016-12-25",0
"2016-12-26",0.1927
"2016-12-27",0
"2016-12-28",0
"2016-12-29",0
"2016-12-30",0
"2016-12-31",0
"2017-01-01",0.0001
"2017-01-02",0
"2017-01-03",0
"2017-01-04",0.0323
"2017-01-05",0.0021
"2017-01-06",0
"2017-01-07",0.0008
"2017-01-08",0.0282
"2017-01-09",0.0467
"2017-01-10",0
"2017-01-11",0
"2017-01-12",0.0049
"2017-01-13",0.009
"2017-01-14",0
"2017-01-15",0.0081
"2017-01-16",0.0013
"2017-01-17",0.0001
"2017-01-18",0
"2017-01-19",0.0026
"2017-01-20",0
"2017-01-21",0.1334
"2017-01-22",0
"2017-01-23",0.0003
"2017-01-24",0.0057
"2017-01-25",0.0001
"2017-01-26",0
"2017-01-27",0
"2017-01-28",0
"2017-01-29",0.0606
"2017-01-30",0.0137
"2017-01-31",0.0479
"2017-02-01",0.0205
"2017-02-02",0
"2017-02-03",0
"2017-02-04",0
"2017-02-05",0.0014
"2017-02-06",0.0005
"2017-02-07",0.0034
"2017-02-08",0
"2017-02-09",0
"2017-02-10",0
"2017-02-11",0
"2017-02-12",0
"2017-02-13",0.0369
"2017-02-14",0.0255
"2017-02-15",0.0004
"2017-02-16",0.2256
"2017-02-17",0.1667
"2017-02-18",0.0243
"2017-02-19",0.1224
"2017-02-20",1.3164
"2017-02-21",0.2486
"2017-02-22",0.3091
"2017-02-23",0.5334
"2017-02-24",0.1135
"2017-02-25",0.1576
"2017-02-26",0.5497
"2017-02-27",0.2989
"2017-02-28",0.1174
"2017-03-01",0.4503
"2017-03-02",0.4857
"2017-03-03",0.0014
"2017-03-04",0.0031
"2017-03-05",0
"2017-03-06",0.0365
"2017-03-07",0.0549
"2017-03-08",0.2074
"2017-03-09",0.7114
"2017-03-10",0.0769
"2017-03-11",0.0381
"2017-03-12",0.0066
"2017-03-13",0.0032
"2017-03-14",0.0202
"2017-03-15",0.8864
"2017-03-16",0.2464
"2017-03-17",0.7775
"2017-03-18",0.2341
"2017-03-19",0.1089
"2017-03-20",0.0613
"2017-03-21",0.1178
"2017-03-22",0.0444
"2017-03-23",0.0821
"2017-03-24",0.4395
"2017-03-25",0.4916
"2017-03-26",1.214
"2017-03-27",0.1322
"2017-03-28",0.0882
"2017-03-29",0.0484
"2017-03-30",0.1716
"2017-03-31",1.323
"2017-04-01",0.038
"2017-04-02",0
"2017-04-03",0.074
"2017-04-04",0.187
"2017-04-05",0.8928
"2017-04-06",0.1987
"2017-04-07",0.7974
"2017-04-08",0.0546
"2017-04-09",0.8328
"2017-04-10",0.3593
"2017-04-11",0.0713
"2017-04-12",1.1498
"2017-04-13",0.5762
"2017-04-14",1.5439
"2017-04-15",0.1338
"2017-04-16",0.0017
"2017-04-17",0.2476